﻿<?xml version="1.0" encoding="UTF-8"?>
<modification>
	<id>catalog-only</id>
	<version>2.1.7</version>
	<vqmver>1.0.0</vqmver>
	<author>imam.mukhlisin@immux.com</author>

	<file name="catalog/view/theme/default/template/account/return_form.tpl">
		<operation error="skip">
			<search position="replace"><![CDATA[<?php echo $column_left; ?><?php echo $column_right; ?>]]></search>
			<add><![CDATA[<?php echo $column_left; ?>]]></add>
		</operation>
	</file>

	<file name="catalog/view/theme/default/template/account/return_info.tpl">
		<operation error="skip">
			<search position="replace"><![CDATA[<?php echo $header; ?><?php echo $column_left; ?><?php echo $column_right; ?>]]></search>
			<add><![CDATA[<?php echo $header; ?><?php echo $column_left; ?>]]></add>
		</operation>
	</file>

	<file name="catalog/view/theme/default/template/account/return_list.tpl">
		<operation error="skip">
			<search position="replace"><![CDATA[<?php echo $header; ?><?php echo $column_left; ?><?php echo $column_right; ?>]]></search>
			<add><![CDATA[<?php echo $header; ?><?php echo $column_left; ?>]]></add>
		</operation>
	</file>

	<file name="catalog/view/theme/default/template/common/header.tpl">
		<operation error="skip">
			<search position="replace" offset="1"><![CDATA[<?php echo $currency; ?>]]></search>
			<add><![CDATA[
			]]></add>
		</operation>

		<operation error="skip">
			<search position="replace" offset="6"><![CDATA[<div id="welcome">]]></search>
			<add><![CDATA[
			]]></add>
		</operation>

		<operation error="skip">
			<search position="replace"><![CDATA[
<div class="links"><a href="<?php echo $home; ?>"><?php echo $text_home; ?></a><a href="<?php echo $wishlist; ?>" id="wishlist-total"><?php echo $text_wishlist; ?></a><a href="<?php echo $account; ?>"><?php echo $text_account; ?></a><a href="<?php echo $shopping_cart; ?>"><?php echo $text_shopping_cart; ?></a><a href="<?php echo $checkout; ?>"><?php echo $text_checkout; ?></a></div>
			]]></search>
			<add><![CDATA[
			]]></add>
		</operation>
	</file>

	<file name="catalog/view/theme/default/template/common/footer.tpl">
		<operation error="skip">
			<search position="replace" offset="6"><![CDATA[<h3><?php echo $text_account; ?></h3>]]></search>
			<add><![CDATA[
			]]></add>
		</operation>
	</file>

	<file name="catalog/view/theme/default/template/module/featured.tpl">
		<operation error="skip">
			<search position="replace"><![CDATA[<div class="cart"><input type="button" value="<?php echo $button_cart; ?>" onclick="addToCart('<?php echo $product['product_id']; ?>');" class="button" /></div>]]></search>
			<add><![CDATA[
			]]></add>
		</operation>
	</file>

	<file name="catalog/view/theme/default/template/module/latest.tpl">
		<operation error="skip">
			<search position="replace"><![CDATA[<div class="cart"><input type="button" value="<?php echo $button_cart; ?>" onclick="addToCart('<?php echo $product['product_id']; ?>');" class="button" /></div>]]></search>
			<add><![CDATA[
			]]></add>
		</operation>
	</file>

	<file name="catalog/view/theme/default/template/product/product.tpl">
		<operation error="skip">
			<search position="replace" offset="13"><![CDATA[
<div class="cart">
			]]></search>
			<add><![CDATA[
			]]></add>
		</operation>
	</file>

	<file name="catalog/view/theme/default/template/product/search.tpl">
		<operation error="skip">
			<search position="replace" offset="2"><![CDATA[
<div class="cart"><input type="button" value="<?php echo $button_cart; ?>" onclick="addToCart('<?php echo $product['product_id']; ?>');" class="button" /></div>
			]]></search>
			<add><![CDATA[
			]]></add>
		</operation>

		<operation error="skip">
			<search position="replace" offset="4"><![CDATA[
html  = '<div class="right">';
			]]></search>
			<add><![CDATA[
			]]></add>
		</operation>
	</file>

	<file name="catalog/view/theme/default/template/product/special.tpl">
		<operation error="skip">
			<search position="replace" offset="2"><![CDATA[
<div class="cart"><input type="button" value="<?php echo $button_cart; ?>" onclick="addToCart('<?php echo $product['product_id']; ?>');" class="button" /></div>
			]]></search>
			<add><![CDATA[
			]]></add>
		</operation>

		<operation error="skip">
			<search position="replace" offset="4"><![CDATA[
html  = '<div class="right">';
			]]></search>
			<add><![CDATA[
			]]></add>
		</operation>
	</file>

	<file name="catalog/view/theme/default/template/product/category.tpl">
		<operation error="skip">
			<search position="replace" offset="4"><![CDATA[
<div class="cart">
			]]></search>
			<add><![CDATA[
			]]></add>
		</operation>

		<operation error="skip">
			<search position="replace" offset="4"><![CDATA[
html  = '<div class="right">';
			]]></search>
			<add><![CDATA[
			]]></add>
		</operation>
	</file>

	<file name="catalog/view/theme/default/template/product/manufacturer_info.tpl">
		<operation error="skip">
			<search position="replace" offset="2"><![CDATA[
<div class="cart"><input type="button" value="<?php echo $button_cart; ?>" onclick="addToCart('<?php echo $product['product_id']; ?>');" class="button" /></div>
			]]></search>
			<add><![CDATA[
			]]></add>
		</operation>

		<operation error="skip">
			<search position="replace" offset="4"><![CDATA[
html  = '<div class="right">';
			]]></search>
			<add><![CDATA[
			]]></add>
		</operation>
	</file>

	<file name="catalog/view/theme/default/template/information/sitemap.tpl">
		<operation error="skip">
			<search position="replace" offset="10"><![CDATA[<li><a href="<?php echo $account; ?>"><?php echo $text_account; ?></a>]]></search>
			<add><![CDATA[ ]]></add>
		</operation>
	</file>
</modification>
